"BehaviorSpace results (NetLogo 7.0.4)","Table version 2.0"
"Gender_Schools_Model.nlogox"
"GenderSegregationExperiment"
"06/10/2026 12:20:34:195 +0300"
"min-pxcor","max-pxcor","min-pycor","max-pycor"
"-16","16","-16","16"
"[run number]","kappa","delta","[step]","(total-female-all / (total-male-all + total-female-all)) * 100"
"4","-2","0.7","39","20.666666666666668"
"2","-2","0.7","39","24.666666666666668"
"3","-2","0.7","39","24"
"1","-2","0.7","39","22.666666666666664"
"6","-2","0.7","39","21.333333333333336"
"5","-2","0.7","39","24"
"8","-2","0.7","39","20.666666666666668"
"7","-2","0.7","39","22.666666666666664"
"10","-2","0.7","39","22"
"9","-2","0.7","39","24"
"11","-2","0.7","39","24"
"14","-2","0.7","39","22.666666666666664"
"13","-2","0.7","39","22.666666666666664"
"12","-2","0.7","39","24"
"15","-2","0.7","39","22.666666666666664"
"16","-2","0.7","39","24"
"17","-2","0.7","39","26"
"18","-2","0.7","39","24.666666666666668"
"19","-2","0.7","39","22.666666666666664"
"20","-2","0.7","39","22"
"21","-2","0.8","39","23.333333333333332"
"22","-2","0.8","39","25.333333333333336"
"23","-2","0.8","39","28.666666666666668"
"24","-2","0.8","39","25.333333333333336"
"25","-2","0.8","39","24.666666666666668"
"26","-2","0.8","39","26"
"27","-2","0.8","39","27.333333333333332"
"28","-2","0.8","39","25.333333333333336"
"29","-2","0.8","39","29.333333333333332"
"30","-2","0.8","39","28.666666666666668"
"31","-2","0.8","39","25.333333333333336"
"32","-2","0.8","39","26.666666666666668"
"33","-2","0.8","39","26.666666666666668"
"34","-2","0.8","39","28.666666666666668"
"35","-2","0.8","39","27.333333333333332"
"36","-2","0.8","39","27.333333333333332"
"37","-2","0.8","39","26"
"38","-2","0.8","39","24.666666666666668"
"40","-2","0.8","39","27.333333333333332"
"39","-2","0.8","39","28.000000000000004"
"41","-2","0.9","39","32.666666666666664"
"42","-2","0.9","39","27.333333333333332"
"43","-2","0.9","39","32"
"44","-2","0.9","39","32"
"45","-2","0.9","39","30.666666666666664"
"46","-2","0.9","39","28.666666666666668"
"47","-2","0.9","39","30.666666666666664"
"49","-2","0.9","39","26.666666666666668"
"48","-2","0.9","39","30"
"50","-2","0.9","39","34.66666666666667"
"51","-2","0.9","39","32.666666666666664"
"52","-2","0.9","39","29.333333333333332"
"53","-2","0.9","39","34"
"54","-2","0.9","39","28.666666666666668"
"55","-2","0.9","39","28.666666666666668"
"56","-2","0.9","39","29.333333333333332"
"57","-2","0.9","39","30.666666666666664"
"58","-2","0.9","39","29.333333333333332"
"59","-2","0.9","39","30.666666666666664"
"60","-2","0.9","39","30.666666666666664"
"62","-2","1","39","29.333333333333332"
"61","-2","1","39","34.66666666666667"
"63","-2","1","39","34.66666666666667"
"64","-2","1","39","34.66666666666667"
"65","-2","1","39","34.66666666666667"
"66","-2","1","39","35.333333333333336"
"67","-2","1","39","34"
"68","-2","1","39","32.666666666666664"
"69","-2","1","39","30.666666666666664"
"70","-2","1","39","35.333333333333336"
"71","-2","1","39","35.333333333333336"
"72","-2","1","39","34"
"73","-2","1","39","31.333333333333336"
"74","-2","1","39","34"
"75","-2","1","39","31.333333333333336"
"76","-2","1","39","32.666666666666664"
"77","-2","1","39","33.33333333333333"
"78","-2","1","39","34.66666666666667"
"79","-2","1","39","29.333333333333332"
"80","-2","1","39","34.66666666666667"
"81","-2","1.1","39","40"
"83","-2","1.1","39","35.333333333333336"
"82","-2","1.1","39","39.33333333333333"
"84","-2","1.1","39","37.333333333333336"
"85","-2","1.1","39","36.666666666666664"
"86","-2","1.1","39","40"
"87","-2","1.1","39","33.33333333333333"
"88","-2","1.1","39","37.333333333333336"
"89","-2","1.1","39","35.333333333333336"
"90","-2","1.1","39","36.666666666666664"
"91","-2","1.1","39","34.66666666666667"
"92","-2","1.1","39","40.666666666666664"
"93","-2","1.1","39","36.666666666666664"
"94","-2","1.1","39","36"
"95","-2","1.1","39","40"
"96","-2","1.1","39","38"
"97","-2","1.1","39","38.666666666666664"
"98","-2","1.1","39","40"
"99","-2","1.1","39","38.666666666666664"
"100","-2","1.1","39","37.333333333333336"
"101","-2","1.2","39","42.66666666666667"
"102","-2","1.2","39","42"
"104","-2","1.2","39","43.333333333333336"
"103","-2","1.2","39","42.66666666666667"
"105","-2","1.2","39","40.666666666666664"
"106","-2","1.2","39","40"
"107","-2","1.2","39","41.333333333333336"
"108","-2","1.2","39","41.333333333333336"
"110","-2","1.2","39","41.333333333333336"
"109","-2","1.2","39","42"
"111","-2","1.2","39","40.666666666666664"
"112","-2","1.2","39","41.333333333333336"
"113","-2","1.2","39","41.333333333333336"
"114","-2","1.2","39","42.66666666666667"
"115","-2","1.2","39","40"
"118","-2","1.2","39","41.333333333333336"
"117","-2","1.2","39","40.666666666666664"
"116","-2","1.2","39","41.333333333333336"
"119","-2","1.2","39","40.666666666666664"
"120","-2","1.2","39","46.666666666666664"
"121","-2","1.3","39","45.33333333333333"
"122","-2","1.3","39","42.66666666666667"
"123","-2","1.3","39","44.666666666666664"
"124","-2","1.3","39","44.666666666666664"
"125","-2","1.3","39","46"
"126","-2","1.3","39","48"
"127","-2","1.3","39","46.666666666666664"
"128","-2","1.3","39","45.33333333333333"
"129","-2","1.3","39","42.66666666666667"
"130","-2","1.3","39","47.333333333333336"
"131","-2","1.3","39","45.33333333333333"
"132","-2","1.3","39","45.33333333333333"
"133","-2","1.3","39","50.66666666666667"
"134","-2","1.3","39","45.33333333333333"
"135","-2","1.3","39","46.666666666666664"
"137","-2","1.3","39","46.666666666666664"
"136","-2","1.3","39","46.666666666666664"
"138","-2","1.3","39","43.333333333333336"
"139","-2","1.3","39","46.666666666666664"
"140","-2","1.3","39","46.666666666666664"
"141","-1.5","0.7","39","26"
"144","-1.5","0.7","39","24"
"145","-1.5","0.7","39","24"
"143","-1.5","0.7","39","24"
"142","-1.5","0.7","39","22.666666666666664"
"147","-1.5","0.7","39","23.333333333333332"
"148","-1.5","0.7","39","24"
"146","-1.5","0.7","39","26.666666666666668"
"149","-1.5","0.7","39","24.666666666666668"
"150","-1.5","0.7","39","23.333333333333332"
"151","-1.5","0.7","39","26"
"152","-1.5","0.7","39","24.666666666666668"
"153","-1.5","0.7","39","22"
"155","-1.5","0.7","39","24"
"154","-1.5","0.7","39","22.666666666666664"
"156","-1.5","0.7","39","25.333333333333336"
"157","-1.5","0.7","39","26.666666666666668"
"158","-1.5","0.7","39","22.666666666666664"
"159","-1.5","0.7","39","25.333333333333336"
"160","-1.5","0.7","39","26.666666666666668"
"162","-1.5","0.8","39","25.333333333333336"
"163","-1.5","0.8","39","27.333333333333332"
"164","-1.5","0.8","39","26.666666666666668"
"166","-1.5","0.8","39","24.666666666666668"
"165","-1.5","0.8","39","24.666666666666668"
"167","-1.5","0.8","39","28.000000000000004"
"161","-1.5","0.8","39","28.000000000000004"
"168","-1.5","0.8","39","32"
"169","-1.5","0.8","39","25.333333333333336"
"170","-1.5","0.8","39","28.000000000000004"
"173","-1.5","0.8","39","26.666666666666668"
"174","-1.5","0.8","39","25.333333333333336"
"171","-1.5","0.8","39","28.666666666666668"
"172","-1.5","0.8","39","30.666666666666664"
"176","-1.5","0.8","39","30.666666666666664"
"175","-1.5","0.8","39","25.333333333333336"
"177","-1.5","0.8","39","28.000000000000004"
"178","-1.5","0.8","39","28.666666666666668"
"179","-1.5","0.8","39","27.333333333333332"
"180","-1.5","0.8","39","26"
"181","-1.5","0.9","39","32.666666666666664"
"182","-1.5","0.9","39","32"
"184","-1.5","0.9","39","31.333333333333336"
"183","-1.5","0.9","39","30.666666666666664"
"186","-1.5","0.9","39","30.666666666666664"
"185","-1.5","0.9","39","33.33333333333333"
"188","-1.5","0.9","39","34"
"187","-1.5","0.9","39","30.666666666666664"
"189","-1.5","0.9","39","30.666666666666664"
"190","-1.5","0.9","39","31.333333333333336"
"191","-1.5","0.9","39","31.333333333333336"
"192","-1.5","0.9","39","30.666666666666664"
"193","-1.5","0.9","39","34"
"194","-1.5","0.9","39","33.33333333333333"
"195","-1.5","0.9","39","28.666666666666668"
"196","-1.5","0.9","39","31.333333333333336"
"197","-1.5","0.9","39","32"
"198","-1.5","0.9","39","29.333333333333332"
"199","-1.5","0.9","39","30"
"200","-1.5","0.9","39","33.33333333333333"
"201","-1.5","1","39","34.66666666666667"
"203","-1.5","1","39","34"
"202","-1.5","1","39","38"
"204","-1.5","1","39","34.66666666666667"
"205","-1.5","1","39","35.333333333333336"
"206","-1.5","1","39","37.333333333333336"
"208","-1.5","1","39","34"
"207","-1.5","1","39","34.66666666666667"
"209","-1.5","1","39","35.333333333333336"
"210","-1.5","1","39","34"
"211","-1.5","1","39","37.333333333333336"
"212","-1.5","1","39","38"
"213","-1.5","1","39","34.66666666666667"
"214","-1.5","1","39","35.333333333333336"
"215","-1.5","1","39","39.33333333333333"
"216","-1.5","1","39","37.333333333333336"
"217","-1.5","1","39","32"
"218","-1.5","1","39","33.33333333333333"
"220","-1.5","1","39","33.33333333333333"
"219","-1.5","1","39","33.33333333333333"
"221","-1.5","1.1","39","40"
"222","-1.5","1.1","39","41.333333333333336"
"223","-1.5","1.1","39","38"
"224","-1.5","1.1","39","39.33333333333333"
"225","-1.5","1.1","39","37.333333333333336"
"226","-1.5","1.1","39","38"
"227","-1.5","1.1","39","40.666666666666664"
"228","-1.5","1.1","39","37.333333333333336"
"229","-1.5","1.1","39","36"
"230","-1.5","1.1","39","40.666666666666664"
"231","-1.5","1.1","39","37.333333333333336"
"232","-1.5","1.1","39","38.666666666666664"
"233","-1.5","1.1","39","39.33333333333333"
"234","-1.5","1.1","39","39.33333333333333"
"235","-1.5","1.1","39","42"
"236","-1.5","1.1","39","40"
"237","-1.5","1.1","39","40.666666666666664"
"238","-1.5","1.1","39","40.666666666666664"
"239","-1.5","1.1","39","38.666666666666664"
"241","-1.5","1.2","39","40.666666666666664"
"242","-1.5","1.2","39","46"
"240","-1.5","1.1","39","38"
"243","-1.5","1.2","39","42"
"244","-1.5","1.2","39","44.666666666666664"
"246","-1.5","1.2","39","42.66666666666667"
"245","-1.5","1.2","39","46"
"247","-1.5","1.2","39","42.66666666666667"
"248","-1.5","1.2","39","44.666666666666664"
"249","-1.5","1.2","39","42.66666666666667"
"250","-1.5","1.2","39","43.333333333333336"
"251","-1.5","1.2","39","45.33333333333333"
"252","-1.5","1.2","39","42"
"255","-1.5","1.2","39","44"
"253","-1.5","1.2","39","46.666666666666664"
"254","-1.5","1.2","39","48"
"257","-1.5","1.2","39","42.66666666666667"
"256","-1.5","1.2","39","44"
"259","-1.5","1.2","39","44"
"258","-1.5","1.2","39","46"
"260","-1.5","1.2","39","42.66666666666667"
"261","-1.5","1.3","39","48"
"262","-1.5","1.3","39","42.66666666666667"
"263","-1.5","1.3","39","48.66666666666667"
"264","-1.5","1.3","39","46.666666666666664"
"265","-1.5","1.3","39","46.666666666666664"
"266","-1.5","1.3","39","50.66666666666667"
"267","-1.5","1.3","39","45.33333333333333"
"268","-1.5","1.3","39","47.333333333333336"
"269","-1.5","1.3","39","43.333333333333336"
"270","-1.5","1.3","39","44.666666666666664"
"271","-1.5","1.3","39","48.66666666666667"
"274","-1.5","1.3","39","46"
"273","-1.5","1.3","39","48"
"272","-1.5","1.3","39","44.666666666666664"
"275","-1.5","1.3","39","45.33333333333333"
"276","-1.5","1.3","39","46.666666666666664"
"277","-1.5","1.3","39","46"
"278","-1.5","1.3","39","44.666666666666664"
"279","-1.5","1.3","39","51.33333333333333"
"280","-1.5","1.3","39","46.666666666666664"
"281","-1","0.7","39","26"
"282","-1","0.7","39","26.666666666666668"
"283","-1","0.7","39","24.666666666666668"
"285","-1","0.7","39","26.666666666666668"
"284","-1","0.7","39","25.333333333333336"
"286","-1","0.7","39","21.333333333333336"
"287","-1","0.7","39","22.666666666666664"
"289","-1","0.7","39","25.333333333333336"
"288","-1","0.7","39","23.333333333333332"
"290","-1","0.7","39","24.666666666666668"
"291","-1","0.7","39","24"
"294","-1","0.7","39","24.666666666666668"
"293","-1","0.7","39","25.333333333333336"
"292","-1","0.7","39","24"
"295","-1","0.7","39","24.666666666666668"
"296","-1","0.7","39","25.333333333333336"
"297","-1","0.7","39","26"
"298","-1","0.7","39","27.333333333333332"
"299","-1","0.7","39","25.333333333333336"
"300","-1","0.7","39","26.666666666666668"
"301","-1","0.8","39","28.000000000000004"
"302","-1","0.8","39","29.333333333333332"
"304","-1","0.8","39","30"
"305","-1","0.8","39","27.333333333333332"
"303","-1","0.8","39","29.333333333333332"
"306","-1","0.8","39","27.333333333333332"
"307","-1","0.8","39","29.333333333333332"
"308","-1","0.8","39","30"
"309","-1","0.8","39","28.000000000000004"
"310","-1","0.8","39","29.333333333333332"
"311","-1","0.8","39","28.000000000000004"
"312","-1","0.8","39","28.666666666666668"
"314","-1","0.8","39","24.666666666666668"
"313","-1","0.8","39","28.000000000000004"
"315","-1","0.8","39","26.666666666666668"
"316","-1","0.8","39","30"
"317","-1","0.8","39","29.333333333333332"
"318","-1","0.8","39","25.333333333333336"
"319","-1","0.8","39","30"
"320","-1","0.8","39","30"
"321","-1","0.9","39","30.666666666666664"
"322","-1","0.9","39","32"
"323","-1","0.9","39","33.33333333333333"
"324","-1","0.9","39","28.666666666666668"
"325","-1","0.9","39","31.333333333333336"
"326","-1","0.9","39","29.333333333333332"
"327","-1","0.9","39","32"
"328","-1","0.9","39","29.333333333333332"
"329","-1","0.9","39","32.666666666666664"
"330","-1","0.9","39","32.666666666666664"
"331","-1","0.9","39","34"
"332","-1","0.9","39","33.33333333333333"
"333","-1","0.9","39","29.333333333333332"
"334","-1","0.9","39","33.33333333333333"
"335","-1","0.9","39","30.666666666666664"
"336","-1","0.9","39","33.33333333333333"
"337","-1","0.9","39","32.666666666666664"
"338","-1","0.9","39","33.33333333333333"
"339","-1","0.9","39","31.333333333333336"
"340","-1","0.9","39","32"
"341","-1","1","39","35.333333333333336"
"342","-1","1","39","39.33333333333333"
"343","-1","1","39","36.666666666666664"
"344","-1","1","39","38"
"345","-1","1","39","36.666666666666664"
"346","-1","1","39","34"
"347","-1","1","39","38.666666666666664"
"348","-1","1","39","34"
"349","-1","1","39","34"
"350","-1","1","39","32.666666666666664"
"351","-1","1","39","36.666666666666664"
"352","-1","1","39","36.666666666666664"
"353","-1","1","39","33.33333333333333"
"355","-1","1","39","36.666666666666664"
"354","-1","1","39","34"
"356","-1","1","39","40"
"357","-1","1","39","38"
"358","-1","1","39","38"
"359","-1","1","39","37.333333333333336"
"360","-1","1","39","34"
"361","-1","1.1","39","40.666666666666664"
"362","-1","1.1","39","38.666666666666664"
"363","-1","1.1","39","42"
"364","-1","1.1","39","43.333333333333336"
"365","-1","1.1","39","40"
"366","-1","1.1","39","40"
"367","-1","1.1","39","42"
"368","-1","1.1","39","42.66666666666667"
"369","-1","1.1","39","40"
"370","-1","1.1","39","38.666666666666664"
"371","-1","1.1","39","38.666666666666664"
"372","-1","1.1","39","39.33333333333333"
"373","-1","1.1","39","40"
"374","-1","1.1","39","40"
"376","-1","1.1","39","40.666666666666664"
"375","-1","1.1","39","42.66666666666667"
"377","-1","1.1","39","39.33333333333333"
"378","-1","1.1","39","41.333333333333336"
"379","-1","1.1","39","40.666666666666664"
"381","-1","1.2","39","44"
"380","-1","1.1","39","38"
"382","-1","1.2","39","44"
"383","-1","1.2","39","46.666666666666664"
"384","-1","1.2","39","50"
"385","-1","1.2","39","46"
"386","-1","1.2","39","46"
"387","-1","1.2","39","44"
"388","-1","1.2","39","46"
"389","-1","1.2","39","49.333333333333336"
"390","-1","1.2","39","43.333333333333336"
"391","-1","1.2","39","44.666666666666664"
"392","-1","1.2","39","44"
"393","-1","1.2","39","43.333333333333336"
"394","-1","1.2","39","44.666666666666664"
"396","-1","1.2","39","47.333333333333336"
"397","-1","1.2","39","45.33333333333333"
"398","-1","1.2","39","42.66666666666667"
"399","-1","1.2","39","47.333333333333336"
"401","-1","1.3","39","52.666666666666664"
"400","-1","1.2","39","44.666666666666664"
"402","-1","1.3","39","50"
"395","-1","1.2","39","46"
"403","-1","1.3","39","50"
"404","-1","1.3","39","49.333333333333336"
"406","-1","1.3","39","50"
"405","-1","1.3","39","47.333333333333336"
"407","-1","1.3","39","48.66666666666667"
"408","-1","1.3","39","52"
"409","-1","1.3","39","46"
"410","-1","1.3","39","46.666666666666664"
"411","-1","1.3","39","48.66666666666667"
"412","-1","1.3","39","47.333333333333336"
"413","-1","1.3","39","48"
"414","-1","1.3","39","50"
"415","-1","1.3","39","51.33333333333333"
"416","-1","1.3","39","49.333333333333336"
"417","-1","1.3","39","49.333333333333336"
"418","-1","1.3","39","50"
"419","-1","1.3","39","51.33333333333333"
"420","-1","1.3","39","50.66666666666667"
"421","-0.5","0.7","39","23.333333333333332"
"422","-0.5","0.7","39","26"
"424","-0.5","0.7","39","23.333333333333332"
"423","-0.5","0.7","39","26"
"425","-0.5","0.7","39","25.333333333333336"
"426","-0.5","0.7","39","22"
"427","-0.5","0.7","39","25.333333333333336"
"428","-0.5","0.7","39","24.666666666666668"
"429","-0.5","0.7","39","27.333333333333332"
"430","-0.5","0.7","39","24"
"431","-0.5","0.7","39","26"
"432","-0.5","0.7","39","23.333333333333332"
"433","-0.5","0.7","39","24.666666666666668"
"435","-0.5","0.7","39","24"
"434","-0.5","0.7","39","24.666666666666668"
"436","-0.5","0.7","39","27.333333333333332"
"437","-0.5","0.7","39","26"
"438","-0.5","0.7","39","25.333333333333336"
"439","-0.5","0.7","39","22.666666666666664"
"440","-0.5","0.7","39","26"
"441","-0.5","0.8","39","27.333333333333332"
"442","-0.5","0.8","39","30"
"443","-0.5","0.8","39","28.666666666666668"
"444","-0.5","0.8","39","30.666666666666664"
"445","-0.5","0.8","39","30.666666666666664"
"446","-0.5","0.8","39","28.000000000000004"
"447","-0.5","0.8","39","32"
"448","-0.5","0.8","39","28.000000000000004"
"449","-0.5","0.8","39","28.000000000000004"
"450","-0.5","0.8","39","28.000000000000004"
"452","-0.5","0.8","39","28.666666666666668"
"451","-0.5","0.8","39","28.666666666666668"
"453","-0.5","0.8","39","31.333333333333336"
"454","-0.5","0.8","39","30"
"455","-0.5","0.8","39","30"
"456","-0.5","0.8","39","30"
"457","-0.5","0.8","39","31.333333333333336"
"458","-0.5","0.8","39","29.333333333333332"
"459","-0.5","0.8","39","30"
"460","-0.5","0.8","39","27.333333333333332"
"461","-0.5","0.9","39","35.333333333333336"
"462","-0.5","0.9","39","33.33333333333333"
"463","-0.5","0.9","39","34"
"464","-0.5","0.9","39","32.666666666666664"
"465","-0.5","0.9","39","35.333333333333336"
"466","-0.5","0.9","39","32"
"467","-0.5","0.9","39","34"
"468","-0.5","0.9","39","32"
"469","-0.5","0.9","39","34"
"470","-0.5","0.9","39","30.666666666666664"
"471","-0.5","0.9","39","34"
"473","-0.5","0.9","39","34"
"472","-0.5","0.9","39","32.666666666666664"
"474","-0.5","0.9","39","35.333333333333336"
"475","-0.5","0.9","39","32.666666666666664"
"476","-0.5","0.9","39","34.66666666666667"
"477","-0.5","0.9","39","32.666666666666664"
"478","-0.5","0.9","39","33.33333333333333"
"479","-0.5","0.9","39","32"
"480","-0.5","0.9","39","33.33333333333333"
"481","-0.5","1","39","36"
"482","-0.5","1","39","37.333333333333336"
"483","-0.5","1","39","38"
"484","-0.5","1","39","36.666666666666664"
"486","-0.5","1","39","37.333333333333336"
"485","-0.5","1","39","38"
"487","-0.5","1","39","37.333333333333336"
"488","-0.5","1","39","36"
"489","-0.5","1","39","38.666666666666664"
"490","-0.5","1","39","38"
"491","-0.5","1","39","40"
"492","-0.5","1","39","38"
"493","-0.5","1","39","33.33333333333333"
"494","-0.5","1","39","41.333333333333336"
"495","-0.5","1","39","38"
"496","-0.5","1","39","38.666666666666664"
"497","-0.5","1","39","37.333333333333336"
"498","-0.5","1","39","40"
"499","-0.5","1","39","38.666666666666664"
"500","-0.5","1","39","35.333333333333336"
"501","-0.5","1.1","39","43.333333333333336"
"502","-0.5","1.1","39","39.33333333333333"
"503","-0.5","1.1","39","44"
"505","-0.5","1.1","39","42"
"504","-0.5","1.1","39","41.333333333333336"
"506","-0.5","1.1","39","47.333333333333336"
"507","-0.5","1.1","39","42"
"508","-0.5","1.1","39","44"
"509","-0.5","1.1","39","41.333333333333336"
"510","-0.5","1.1","39","41.333333333333336"
"511","-0.5","1.1","39","44"
"513","-0.5","1.1","39","42.66666666666667"
"512","-0.5","1.1","39","44"
"514","-0.5","1.1","39","41.333333333333336"
"516","-0.5","1.1","39","41.333333333333336"
"515","-0.5","1.1","39","46.666666666666664"
"517","-0.5","1.1","39","44.666666666666664"
"518","-0.5","1.1","39","44.666666666666664"
"519","-0.5","1.1","39","42.66666666666667"
"520","-0.5","1.1","39","42"
"521","-0.5","1.2","39","51.33333333333333"
"522","-0.5","1.2","39","46.666666666666664"
"523","-0.5","1.2","39","48"
"525","-0.5","1.2","39","48"
"524","-0.5","1.2","39","48"
"527","-0.5","1.2","39","51.33333333333333"
"526","-0.5","1.2","39","48.66666666666667"
"529","-0.5","1.2","39","47.333333333333336"
"528","-0.5","1.2","39","46.666666666666664"
"530","-0.5","1.2","39","50"
"533","-0.5","1.2","39","51.33333333333333"
"532","-0.5","1.2","39","52.666666666666664"
"531","-0.5","1.2","39","51.33333333333333"
"535","-0.5","1.2","39","48"
"534","-0.5","1.2","39","50.66666666666667"
"536","-0.5","1.2","39","50.66666666666667"
"537","-0.5","1.2","39","48.66666666666667"
"538","-0.5","1.2","39","48.66666666666667"
"539","-0.5","1.2","39","51.33333333333333"
"540","-0.5","1.2","39","48"
"541","-0.5","1.3","39","53.333333333333336"
"542","-0.5","1.3","39","52"
"543","-0.5","1.3","39","55.333333333333336"
"544","-0.5","1.3","39","50"
"545","-0.5","1.3","39","48.66666666666667"
"546","-0.5","1.3","39","54.666666666666664"
"548","-0.5","1.3","39","54"
"547","-0.5","1.3","39","54.666666666666664"
"549","-0.5","1.3","39","54.666666666666664"
"550","-0.5","1.3","39","53.333333333333336"
"551","-0.5","1.3","39","54"
"552","-0.5","1.3","39","52"
"553","-0.5","1.3","39","54.666666666666664"
"554","-0.5","1.3","39","52"
"555","-0.5","1.3","39","50.66666666666667"
"556","-0.5","1.3","39","49.333333333333336"
"557","-0.5","1.3","39","50.66666666666667"
"558","-0.5","1.3","39","57.333333333333336"
"559","-0.5","1.3","39","52.666666666666664"
"560","-0.5","1.3","39","52.666666666666664"
"561","0","0.7","39","23.333333333333332"
"562","0","0.7","39","26"
"563","0","0.7","39","25.333333333333336"
"564","0","0.7","39","26.666666666666668"
"565","0","0.7","39","27.333333333333332"
"566","0","0.7","39","24"
"567","0","0.7","39","24.666666666666668"
"568","0","0.7","39","25.333333333333336"
"569","0","0.7","39","28.000000000000004"
"570","0","0.7","39","26"
"571","0","0.7","39","26.666666666666668"
"572","0","0.7","39","25.333333333333336"
"573","0","0.7","39","25.333333333333336"
"574","0","0.7","39","25.333333333333336"
"575","0","0.7","39","25.333333333333336"
"576","0","0.7","39","24"
"577","0","0.7","39","28.000000000000004"
"578","0","0.7","39","26"
"579","0","0.7","39","28.000000000000004"
"580","0","0.7","39","24.666666666666668"
"581","0","0.8","39","28.666666666666668"
"582","0","0.8","39","30"
"583","0","0.8","39","32"
"584","0","0.8","39","31.333333333333336"
"585","0","0.8","39","34"
"586","0","0.8","39","30.666666666666664"
"587","0","0.8","39","29.333333333333332"
"588","0","0.8","39","31.333333333333336"
"590","0","0.8","39","28.000000000000004"
"589","0","0.8","39","29.333333333333332"
"591","0","0.8","39","32"
"592","0","0.8","39","32.666666666666664"
"593","0","0.8","39","30.666666666666664"
"595","0","0.8","39","33.33333333333333"
"594","0","0.8","39","33.33333333333333"
"596","0","0.8","39","31.333333333333336"
"597","0","0.8","39","28.666666666666668"
"598","0","0.8","39","29.333333333333332"
"599","0","0.8","39","28.666666666666668"
"600","0","0.8","39","30.666666666666664"
"601","0","0.9","39","34.66666666666667"
"602","0","0.9","39","35.333333333333336"
"603","0","0.9","39","34.66666666666667"
"604","0","0.9","39","37.333333333333336"
"605","0","0.9","39","31.333333333333336"
"606","0","0.9","39","35.333333333333336"
"607","0","0.9","39","34.66666666666667"
"608","0","0.9","39","36.666666666666664"
"609","0","0.9","39","36.666666666666664"
"610","0","0.9","39","34.66666666666667"
"612","0","0.9","39","37.333333333333336"
"611","0","0.9","39","32.666666666666664"
"613","0","0.9","39","34"
"614","0","0.9","39","35.333333333333336"
"615","0","0.9","39","31.333333333333336"
"616","0","0.9","39","33.33333333333333"
"617","0","0.9","39","36.666666666666664"
"618","0","0.9","39","34.66666666666667"
"619","0","0.9","39","33.33333333333333"
"620","0","0.9","39","34.66666666666667"
"621","0","1","39","48.66666666666667"
"622","0","1","39","48"
"623","0","1","39","44"
"624","0","1","39","46"
"625","0","1","39","48"
"626","0","1","39","46"
"627","0","1","39","44.666666666666664"
"629","0","1","39","45.33333333333333"
"628","0","1","39","46.666666666666664"
"630","0","1","39","43.333333333333336"
"631","0","1","39","48"
"632","0","1","39","45.33333333333333"
"633","0","1","39","45.33333333333333"
"634","0","1","39","42.66666666666667"
"635","0","1","39","45.33333333333333"
"636","0","1","39","46.666666666666664"
"637","0","1","39","45.33333333333333"
"638","0","1","39","44.666666666666664"
"639","0","1","39","48.66666666666667"
"640","0","1","39","48"
"641","0","1.1","39","44.666666666666664"
"642","0","1.1","39","43.333333333333336"
"643","0","1.1","39","48.66666666666667"
"644","0","1.1","39","48.66666666666667"
"645","0","1.1","39","45.33333333333333"
"646","0","1.1","39","48.66666666666667"
"647","0","1.1","39","48"
"648","0","1.1","39","42.66666666666667"
"650","0","1.1","39","46.666666666666664"
"649","0","1.1","39","44.666666666666664"
"651","0","1.1","39","46.666666666666664"
"652","0","1.1","39","47.333333333333336"
"653","0","1.1","39","44"
"655","0","1.1","39","50"
"654","0","1.1","39","46.666666666666664"
"656","0","1.1","39","45.33333333333333"
"657","0","1.1","39","48"
"658","0","1.1","39","47.333333333333336"
"659","0","1.1","39","46.666666666666664"
"660","0","1.1","39","47.333333333333336"
"661","0","1.2","39","52.666666666666664"
"662","0","1.2","39","50.66666666666667"
"663","0","1.2","39","48.66666666666667"
"664","0","1.2","39","50.66666666666667"
"665","0","1.2","39","48.66666666666667"
"666","0","1.2","39","50"
"667","0","1.2","39","48"
"668","0","1.2","39","49.333333333333336"
"669","0","1.2","39","49.333333333333336"
"670","0","1.2","39","49.333333333333336"
"671","0","1.2","39","52"
"672","0","1.2","39","50.66666666666667"
"673","0","1.2","39","50"
"674","0","1.2","39","51.33333333333333"
"676","0","1.2","39","50"
"675","0","1.2","39","52"
"677","0","1.2","39","51.33333333333333"
"678","0","1.2","39","52"
"679","0","1.2","39","48.66666666666667"
"680","0","1.2","39","46.666666666666664"
"681","0","1.3","39","52.666666666666664"
"682","0","1.3","39","57.333333333333336"
"683","0","1.3","39","57.99999999999999"
"684","0","1.3","39","54.666666666666664"
"685","0","1.3","39","56.666666666666664"
"686","0","1.3","39","58.666666666666664"
"687","0","1.3","39","54.666666666666664"
"689","0","1.3","39","56.00000000000001"
"688","0","1.3","39","54"
"690","0","1.3","39","57.333333333333336"
"691","0","1.3","39","57.99999999999999"
"692","0","1.3","39","52.666666666666664"
"693","0","1.3","39","54.666666666666664"
"694","0","1.3","39","53.333333333333336"
"695","0","1.3","39","54.666666666666664"
"696","0","1.3","39","57.99999999999999"
"697","0","1.3","39","55.333333333333336"
"698","0","1.3","39","56.00000000000001"
"699","0","1.3","39","54.666666666666664"
"700","0","1.3","39","56.666666666666664"
"701","0.5","0.7","39","32"
"702","0.5","0.7","39","33.33333333333333"
"703","0.5","0.7","39","32.666666666666664"
"704","0.5","0.7","39","32"
"705","0.5","0.7","39","32.666666666666664"
"706","0.5","0.7","39","30"
"707","0.5","0.7","39","30"
"708","0.5","0.7","39","32.666666666666664"
"709","0.5","0.7","39","32"
"710","0.5","0.7","39","30.666666666666664"
"711","0.5","0.7","39","34"
"712","0.5","0.7","39","33.33333333333333"
"714","0.5","0.7","39","30.666666666666664"
"713","0.5","0.7","39","32.666666666666664"
"715","0.5","0.7","39","30.666666666666664"
"716","0.5","0.7","39","29.333333333333332"
"717","0.5","0.7","39","32.666666666666664"
"719","0.5","0.7","39","30"
"718","0.5","0.7","39","32.666666666666664"
"720","0.5","0.7","39","30.666666666666664"
"721","0.5","0.8","39","40.666666666666664"
"722","0.5","0.8","39","40"
"723","0.5","0.8","39","40.666666666666664"
"724","0.5","0.8","39","39.33333333333333"
"726","0.5","0.8","39","41.333333333333336"
"725","0.5","0.8","39","41.333333333333336"
"727","0.5","0.8","39","42"
"728","0.5","0.8","39","41.333333333333336"
"729","0.5","0.8","39","40.666666666666664"
"730","0.5","0.8","39","41.333333333333336"
"731","0.5","0.8","39","40"
"732","0.5","0.8","39","40"
"733","0.5","0.8","39","40.666666666666664"
"734","0.5","0.8","39","46"
"735","0.5","0.8","39","38.666666666666664"
"736","0.5","0.8","39","40.666666666666664"
"737","0.5","0.8","39","44"
"738","0.5","0.8","39","40.666666666666664"
"739","0.5","0.8","39","38"
"740","0.5","0.8","39","44"
"741","0.5","0.9","39","48"
"742","0.5","0.9","39","43.333333333333336"
"743","0.5","0.9","39","48.66666666666667"
"744","0.5","0.9","39","50"
"745","0.5","0.9","39","46"
"746","0.5","0.9","39","48"
"747","0.5","0.9","39","48.66666666666667"
"748","0.5","0.9","39","50"
"749","0.5","0.9","39","46.666666666666664"
"750","0.5","0.9","39","48"
"752","0.5","0.9","39","46"
"751","0.5","0.9","39","47.333333333333336"
"753","0.5","0.9","39","44.666666666666664"
"754","0.5","0.9","39","46"
"755","0.5","0.9","39","44.666666666666664"
"756","0.5","0.9","39","48"
"757","0.5","0.9","39","46"
"758","0.5","0.9","39","47.333333333333336"
"759","0.5","0.9","39","44"
"761","0.5","1","39","52.666666666666664"
"760","0.5","0.9","39","50"
"762","0.5","1","39","54.666666666666664"
"763","0.5","1","39","54.666666666666664"
"764","0.5","1","39","54.666666666666664"
"765","0.5","1","39","57.99999999999999"
"766","0.5","1","39","55.333333333333336"
"768","0.5","1","39","52"
"767","0.5","1","39","54"
"769","0.5","1","39","57.99999999999999"
"770","0.5","1","39","55.333333333333336"
"771","0.5","1","39","52"
"772","0.5","1","39","54.666666666666664"
"773","0.5","1","39","54"
"774","0.5","1","39","54.666666666666664"
"775","0.5","1","39","50.66666666666667"
"776","0.5","1","39","52.666666666666664"
"777","0.5","1","39","54"
"778","0.5","1","39","59.333333333333336"
"779","0.5","1","39","55.333333333333336"
"780","0.5","1","39","56.00000000000001"
"781","0.5","1.1","39","60.66666666666667"
"782","0.5","1.1","39","62.66666666666667"
"783","0.5","1.1","39","58.666666666666664"
"784","0.5","1.1","39","59.333333333333336"
"785","0.5","1.1","39","65.33333333333333"
"786","0.5","1.1","39","66"
"787","0.5","1.1","39","61.33333333333333"
"788","0.5","1.1","39","64.66666666666666"
"789","0.5","1.1","39","66"
"790","0.5","1.1","39","64"
"792","0.5","1.1","39","59.333333333333336"
"791","0.5","1.1","39","63.33333333333333"
"793","0.5","1.1","39","65.33333333333333"
"794","0.5","1.1","39","65.33333333333333"
"796","0.5","1.1","39","60"
"795","0.5","1.1","39","64"
"797","0.5","1.1","39","66.66666666666666"
"798","0.5","1.1","39","64"
"799","0.5","1.1","39","62"
"800","0.5","1.1","39","62.66666666666667"
"801","0.5","1.2","39","70"
"803","0.5","1.2","39","72"
"802","0.5","1.2","39","78"
"804","0.5","1.2","39","75.33333333333333"
"805","0.5","1.2","39","70.66666666666667"
"807","0.5","1.2","39","70.66666666666667"
"806","0.5","1.2","39","74.66666666666667"
"808","0.5","1.2","39","71.33333333333334"
"809","0.5","1.2","39","73.33333333333333"
"811","0.5","1.2","39","73.33333333333333"
"810","0.5","1.2","39","74.66666666666667"
"812","0.5","1.2","39","73.33333333333333"
"813","0.5","1.2","39","68.66666666666667"
"814","0.5","1.2","39","75.33333333333333"
"815","0.5","1.2","39","74.66666666666667"
"816","0.5","1.2","39","73.33333333333333"
"818","0.5","1.2","39","72"
"817","0.5","1.2","39","74.66666666666667"
"819","0.5","1.2","39","70.66666666666667"
"820","0.5","1.2","39","70.66666666666667"
"821","0.5","1.3","39","77.33333333333333"
"822","0.5","1.3","39","77.33333333333333"
"823","0.5","1.3","39","77.33333333333333"
"824","0.5","1.3","39","74"
"825","0.5","1.3","39","78"
"826","0.5","1.3","39","78"
"827","0.5","1.3","39","78"
"828","0.5","1.3","39","78"
"829","0.5","1.3","39","77.33333333333333"
"831","0.5","1.3","39","76.66666666666667"
"832","0.5","1.3","39","76.66666666666667"
"833","0.5","1.3","39","79.33333333333333"
"834","0.5","1.3","39","77.33333333333333"
"835","0.5","1.3","39","76.66666666666667"
"836","0.5","1.3","39","75.33333333333333"
"838","0.5","1.3","39","78"
"837","0.5","1.3","39","80"
"839","0.5","1.3","39","76.66666666666667"
"840","0.5","1.3","39","81.33333333333333"
"841","1","0.7","39","46.666666666666664"
"842","1","0.7","39","47.333333333333336"
"830","0.5","1.3","39","78"
"844","1","0.7","39","53.333333333333336"
"843","1","0.7","39","53.333333333333336"
"845","1","0.7","39","51.33333333333333"
"846","1","0.7","39","50"
"847","1","0.7","39","54.666666666666664"
"848","1","0.7","39","50.66666666666667"
"849","1","0.7","39","48"
"850","1","0.7","39","49.333333333333336"
"852","1","0.7","39","57.333333333333336"
"851","1","0.7","39","54.666666666666664"
"853","1","0.7","39","60"
"854","1","0.7","39","52"
"855","1","0.7","39","49.333333333333336"
"857","1","0.7","39","57.333333333333336"
"856","1","0.7","39","53.333333333333336"
"859","1","0.7","39","54.666666666666664"
"858","1","0.7","39","51.33333333333333"
"861","1","0.8","39","62.66666666666667"
"860","1","0.7","39","50"
"862","1","0.8","39","60"
"863","1","0.8","39","60"
"864","1","0.8","39","59.333333333333336"
"865","1","0.8","39","60.66666666666667"
"869","1","0.8","39","62.66666666666667"
"866","1","0.8","39","59.333333333333336"
"868","1","0.8","39","60.66666666666667"
"867","1","0.8","39","60.66666666666667"
"870","1","0.8","39","61.33333333333333"
"872","1","0.8","39","61.33333333333333"
"871","1","0.8","39","56.00000000000001"
"873","1","0.8","39","60"
"874","1","0.8","39","60"
"875","1","0.8","39","60"
"876","1","0.8","39","65.33333333333333"
"877","1","0.8","39","62"
"878","1","0.8","39","62.66666666666667"
"879","1","0.8","39","62"
"881","1","0.9","39","68"
"880","1","0.8","39","62"
"882","1","0.9","39","66"
"883","1","0.9","39","66.66666666666666"
"884","1","0.9","39","64.66666666666666"
"885","1","0.9","39","64"
"886","1","0.9","39","62.66666666666667"
"887","1","0.9","39","66"
"889","1","0.9","39","64.66666666666666"
"890","1","0.9","39","65.33333333333333"
"888","1","0.9","39","64.66666666666666"
"891","1","0.9","39","64.66666666666666"
"892","1","0.9","39","64"
"893","1","0.9","39","62.66666666666667"
"894","1","0.9","39","67.33333333333333"
"897","1","0.9","39","62"
"895","1","0.9","39","64"
"896","1","0.9","39","64.66666666666666"
"898","1","0.9","39","65.33333333333333"
"899","1","0.9","39","66.66666666666666"
"901","1","1","39","71.33333333333334"
"900","1","0.9","39","64"
"902","1","1","39","72"
"903","1","1","39","71.33333333333334"
"905","1","1","39","69.33333333333334"
"904","1","1","39","74.66666666666667"
"907","1","1","39","68"
"906","1","1","39","78"
"908","1","1","39","70"
"909","1","1","39","70"
"910","1","1","39","70"
"911","1","1","39","74"
"912","1","1","39","70"
"913","1","1","39","73.33333333333333"
"914","1","1","39","74.66666666666667"
"917","1","1","39","69.33333333333334"
"915","1","1","39","72"
"916","1","1","39","70.66666666666667"
"918","1","1","39","70.66666666666667"
"919","1","1","39","71.33333333333334"
"921","1","1.1","39","76.66666666666667"
"920","1","1","39","74"
"922","1","1.1","39","76"
"923","1","1.1","39","75.33333333333333"
"924","1","1.1","39","75.33333333333333"
"925","1","1.1","39","74.66666666666667"
"926","1","1.1","39","80"
"927","1","1.1","39","74"
"928","1","1.1","39","76"
"929","1","1.1","39","76.66666666666667"
"930","1","1.1","39","74.66666666666667"
"931","1","1.1","39","74.66666666666667"
"932","1","1.1","39","74"
"933","1","1.1","39","70.66666666666667"
"934","1","1.1","39","77.33333333333333"
"935","1","1.1","39","78"
"936","1","1.1","39","76"
"937","1","1.1","39","77.33333333333333"
"938","1","1.1","39","73.33333333333333"
"940","1","1.1","39","76.66666666666667"
"939","1","1.1","39","78.66666666666666"
"941","1","1.2","39","76.66666666666667"
"942","1","1.2","39","78.66666666666666"
"943","1","1.2","39","78.66666666666666"
"944","1","1.2","39","78.66666666666666"
"945","1","1.2","39","76.66666666666667"
"946","1","1.2","39","81.33333333333333"
"947","1","1.2","39","80"
"948","1","1.2","39","76.66666666666667"
"949","1","1.2","39","80.66666666666666"
"950","1","1.2","39","84.66666666666667"
"951","1","1.2","39","82"
"952","1","1.2","39","76.66666666666667"
"953","1","1.2","39","76.66666666666667"
"954","1","1.2","39","80.66666666666666"
"955","1","1.2","39","76.66666666666667"
"956","1","1.2","39","83.33333333333334"
"957","1","1.2","39","81.33333333333333"
"958","1","1.2","39","73.33333333333333"
"959","1","1.2","39","78"
"960","1","1.2","39","78"
"962","1","1.3","39","83.33333333333334"
"961","1","1.3","39","83.33333333333334"
"963","1","1.3","39","80.66666666666666"
"964","1","1.3","39","82.66666666666667"
"965","1","1.3","39","81.33333333333333"
"967","1","1.3","39","84"
"966","1","1.3","39","84.66666666666667"
"968","1","1.3","39","84"
"969","1","1.3","39","82.66666666666667"
"971","1","1.3","39","76.66666666666667"
"970","1","1.3","39","80.66666666666666"
"972","1","1.3","39","84.66666666666667"
"973","1","1.3","39","80"
"975","1","1.3","39","83.33333333333334"
"974","1","1.3","39","87.33333333333333"
"976","1","1.3","39","84"
"977","1","1.3","39","82.66666666666667"
"978","1","1.3","39","86"
"979","1","1.3","39","86"
"981","1.5","0.7","39","61.33333333333333"
"980","1","1.3","39","81.33333333333333"
"982","1.5","0.7","39","62"
"983","1.5","0.7","39","57.99999999999999"
"984","1.5","0.7","39","60.66666666666667"
"985","1.5","0.7","39","60"
"986","1.5","0.7","39","58.666666666666664"
"988","1.5","0.7","39","62"
"987","1.5","0.7","39","61.33333333333333"
"989","1.5","0.7","39","58.666666666666664"
"990","1.5","0.7","39","60.66666666666667"
"991","1.5","0.7","39","59.333333333333336"
"992","1.5","0.7","39","58.666666666666664"
"993","1.5","0.7","39","58.666666666666664"
"994","1.5","0.7","39","62"
"995","1.5","0.7","39","63.33333333333333"
"996","1.5","0.7","39","60.66666666666667"
"997","1.5","0.7","39","60.66666666666667"
"998","1.5","0.7","39","58.666666666666664"
"999","1.5","0.7","39","61.33333333333333"
"1000","1.5","0.7","39","58.666666666666664"
"1001","1.5","0.8","39","62"
"1002","1.5","0.8","39","64"
"1003","1.5","0.8","39","65.33333333333333"
"1005","1.5","0.8","39","62"
"1004","1.5","0.8","39","64"
"1007","1.5","0.8","39","66.66666666666666"
"1006","1.5","0.8","39","66"
"1008","1.5","0.8","39","61.33333333333333"
"1010","1.5","0.8","39","64.66666666666666"
"1011","1.5","0.8","39","66.66666666666666"
"1009","1.5","0.8","39","64"
"1012","1.5","0.8","39","66"
"1013","1.5","0.8","39","64"
"1014","1.5","0.8","39","66"
"1015","1.5","0.8","39","67.33333333333333"
"1017","1.5","0.8","39","69.33333333333334"
"1018","1.5","0.8","39","69.33333333333334"
"1019","1.5","0.8","39","64"
"1021","1.5","0.9","39","70.66666666666667"
"1020","1.5","0.8","39","65.33333333333333"
"1022","1.5","0.9","39","68"
"1023","1.5","0.9","39","72.66666666666667"
"1024","1.5","0.9","39","73.33333333333333"
"1025","1.5","0.9","39","72"
"1026","1.5","0.9","39","68.66666666666667"
"1027","1.5","0.9","39","68.66666666666667"
"1016","1.5","0.8","39","65.33333333333333"
"1028","1.5","0.9","39","71.33333333333334"
"1029","1.5","0.9","39","66.66666666666666"
"1030","1.5","0.9","39","72.66666666666667"
"1031","1.5","0.9","39","70.66666666666667"
"1032","1.5","0.9","39","70.66666666666667"
"1033","1.5","0.9","39","72"
"1034","1.5","0.9","39","72.66666666666667"
"1035","1.5","0.9","39","70.66666666666667"
"1036","1.5","0.9","39","74.66666666666667"
"1037","1.5","0.9","39","73.33333333333333"
"1038","1.5","0.9","39","70"
"1039","1.5","0.9","39","73.33333333333333"
"1040","1.5","0.9","39","74"
"1041","1.5","1","39","79.33333333333333"
"1042","1.5","1","39","72"
"1043","1.5","1","39","78.66666666666666"
"1044","1.5","1","39","75.33333333333333"
"1045","1.5","1","39","74.66666666666667"
"1046","1.5","1","39","78"
"1048","1.5","1","39","78.66666666666666"
"1047","1.5","1","39","76.66666666666667"
"1049","1.5","1","39","78"
"1050","1.5","1","39","75.33333333333333"
"1052","1.5","1","39","78.66666666666666"
"1051","1.5","1","39","71.33333333333334"
"1053","1.5","1","39","83.33333333333334"
"1054","1.5","1","39","77.33333333333333"
"1055","1.5","1","39","78"
"1056","1.5","1","39","76.66666666666667"
"1057","1.5","1","39","74.66666666666667"
"1058","1.5","1","39","76.66666666666667"
"1059","1.5","1","39","76"
"1060","1.5","1","39","76.66666666666667"
"1061","1.5","1.1","39","80.66666666666666"
"1062","1.5","1.1","39","80.66666666666666"
"1064","1.5","1.1","39","80.66666666666666"
"1063","1.5","1.1","39","78"
"1065","1.5","1.1","39","82"
"1066","1.5","1.1","39","80"
"1067","1.5","1.1","39","78.66666666666666"
"1069","1.5","1.1","39","78.66666666666666"
"1068","1.5","1.1","39","82"
"1070","1.5","1.1","39","76"
"1071","1.5","1.1","39","81.33333333333333"
"1072","1.5","1.1","39","78"
"1074","1.5","1.1","39","82"
"1073","1.5","1.1","39","82.66666666666667"
"1075","1.5","1.1","39","82.66666666666667"
"1076","1.5","1.1","39","82.66666666666667"
"1077","1.5","1.1","39","80"
"1078","1.5","1.1","39","80"
"1080","1.5","1.1","39","77.33333333333333"
"1081","1.5","1.2","39","86"
"1079","1.5","1.1","39","80"
"1082","1.5","1.2","39","82"
"1083","1.5","1.2","39","80"
"1084","1.5","1.2","39","81.33333333333333"
"1085","1.5","1.2","39","80"
"1086","1.5","1.2","39","79.33333333333333"
"1087","1.5","1.2","39","86.66666666666667"
"1089","1.5","1.2","39","83.33333333333334"
"1088","1.5","1.2","39","79.33333333333333"
"1090","1.5","1.2","39","84"
"1091","1.5","1.2","39","86"
"1092","1.5","1.2","39","83.33333333333334"
"1093","1.5","1.2","39","86"
"1094","1.5","1.2","39","84"
"1095","1.5","1.2","39","80"
"1097","1.5","1.2","39","81.33333333333333"
"1096","1.5","1.2","39","86"
"1099","1.5","1.2","39","81.33333333333333"
"1098","1.5","1.2","39","83.33333333333334"
"1100","1.5","1.2","39","80"
"1101","1.5","1.3","39","86"
"1102","1.5","1.3","39","84.66666666666667"
"1103","1.5","1.3","39","84"
"1104","1.5","1.3","39","83.33333333333334"
"1105","1.5","1.3","39","84.66666666666667"
"1106","1.5","1.3","39","83.33333333333334"
"1108","1.5","1.3","39","82"
"1107","1.5","1.3","39","83.33333333333334"
"1109","1.5","1.3","39","84"
"1110","1.5","1.3","39","88"
"1111","1.5","1.3","39","82"
"1112","1.5","1.3","39","86.66666666666667"
"1113","1.5","1.3","39","84"
"1114","1.5","1.3","39","82.66666666666667"
"1116","1.5","1.3","39","86"
"1115","1.5","1.3","39","88"
"1118","1.5","1.3","39","85.33333333333334"
"1117","1.5","1.3","39","85.33333333333334"
"1120","1.5","1.3","39","84"
"1119","1.5","1.3","39","84"
"1121","2","0.7","39","62.66666666666667"
"1122","2","0.7","39","65.33333333333333"
"1123","2","0.7","39","64.66666666666666"
"1124","2","0.7","39","62.66666666666667"
"1125","2","0.7","39","63.33333333333333"
"1126","2","0.7","39","64.66666666666666"
"1127","2","0.7","39","61.33333333333333"
"1129","2","0.7","39","62.66666666666667"
"1128","2","0.7","39","64"
"1130","2","0.7","39","62"
"1131","2","0.7","39","66"
"1132","2","0.7","39","67.33333333333333"
"1133","2","0.7","39","63.33333333333333"
"1135","2","0.7","39","61.33333333333333"
"1134","2","0.7","39","63.33333333333333"
"1136","2","0.7","39","60.66666666666667"
"1138","2","0.7","39","64"
"1137","2","0.7","39","59.333333333333336"
"1139","2","0.7","39","66"
"1140","2","0.7","39","57.99999999999999"
"1141","2","0.8","39","70"
"1143","2","0.8","39","72.66666666666667"
"1142","2","0.8","39","71.33333333333334"
"1145","2","0.8","39","70"
"1144","2","0.8","39","68"
"1146","2","0.8","39","68"
"1147","2","0.8","39","72"
"1148","2","0.8","39","70"
"1149","2","0.8","39","74"
"1150","2","0.8","39","69.33333333333334"
"1151","2","0.8","39","74.66666666666667"
"1152","2","0.8","39","71.33333333333334"
"1153","2","0.8","39","72"
"1154","2","0.8","39","66.66666666666666"
"1155","2","0.8","39","68"
"1156","2","0.8","39","69.33333333333334"
"1157","2","0.8","39","69.33333333333334"
"1158","2","0.8","39","72"
"1160","2","0.8","39","70"
"1159","2","0.8","39","74.66666666666667"
"1161","2","0.9","39","69.33333333333334"
"1162","2","0.9","39","78"
"1163","2","0.9","39","72.66666666666667"
"1164","2","0.9","39","73.33333333333333"
"1165","2","0.9","39","75.33333333333333"
"1166","2","0.9","39","74"
"1167","2","0.9","39","76.66666666666667"
"1168","2","0.9","39","74.66666666666667"
"1169","2","0.9","39","72.66666666666667"
"1171","2","0.9","39","74"
"1170","2","0.9","39","74"
"1173","2","0.9","39","75.33333333333333"
"1172","2","0.9","39","78.66666666666666"
"1174","2","0.9","39","76.66666666666667"
"1175","2","0.9","39","69.33333333333334"
"1176","2","0.9","39","76.66666666666667"
"1177","2","0.9","39","70.66666666666667"
"1179","2","0.9","39","76"
"1180","2","0.9","39","75.33333333333333"
"1178","2","0.9","39","74"
"1181","2","1","39","82"
"1183","2","1","39","78"
"1182","2","1","39","79.33333333333333"
"1184","2","1","39","79.33333333333333"
"1185","2","1","39","78.66666666666666"
"1186","2","1","39","80"
"1187","2","1","39","75.33333333333333"
"1188","2","1","39","79.33333333333333"
"1189","2","1","39","80"
"1190","2","1","39","82.66666666666667"
"1191","2","1","39","77.33333333333333"
"1192","2","1","39","78.66666666666666"
"1193","2","1","39","81.33333333333333"
"1194","2","1","39","79.33333333333333"
"1195","2","1","39","80"
"1196","2","1","39","78.66666666666666"
"1198","2","1","39","76.66666666666667"
"1197","2","1","39","80"
"1199","2","1","39","75.33333333333333"
"1200","2","1","39","81.33333333333333"
"1201","2","1.1","39","80.66666666666666"
"1202","2","1.1","39","84"
"1203","2","1.1","39","83.33333333333334"
"1204","2","1.1","39","78"
"1205","2","1.1","39","81.33333333333333"
"1206","2","1.1","39","85.33333333333334"
"1207","2","1.1","39","82"
"1208","2","1.1","39","81.33333333333333"
"1209","2","1.1","39","84"
"1210","2","1.1","39","80.66666666666666"
"1211","2","1.1","39","80"
"1212","2","1.1","39","84.66666666666667"
"1213","2","1.1","39","86"
"1214","2","1.1","39","81.33333333333333"
"1215","2","1.1","39","84"
"1216","2","1.1","39","83.33333333333334"
"1217","2","1.1","39","78.66666666666666"
"1218","2","1.1","39","84.66666666666667"
"1219","2","1.1","39","84.66666666666667"
"1220","2","1.1","39","82.66666666666667"
"1221","2","1.2","39","87.33333333333333"
"1222","2","1.2","39","82.66666666666667"
"1223","2","1.2","39","86"
"1224","2","1.2","39","85.33333333333334"
"1225","2","1.2","39","82"
"1227","2","1.2","39","84.66666666666667"
"1226","2","1.2","39","85.33333333333334"
"1228","2","1.2","39","84.66666666666667"
"1229","2","1.2","39","87.33333333333333"
"1230","2","1.2","39","86"
"1231","2","1.2","39","82"
"1232","2","1.2","39","85.33333333333334"
"1233","2","1.2","39","82.66666666666667"
"1234","2","1.2","39","80"
"1235","2","1.2","39","86"
"1236","2","1.2","39","84.66666666666667"
"1237","2","1.2","39","82.66666666666667"
"1238","2","1.2","39","82"
"1239","2","1.2","39","84"
"1240","2","1.2","39","85.33333333333334"
"1241","2","1.3","39","87.33333333333333"
"1242","2","1.3","39","88.66666666666667"
"1244","2","1.3","39","88.66666666666667"
"1243","2","1.3","39","84"
"1245","2","1.3","39","85.33333333333334"
"1246","2","1.3","39","79.33333333333333"
"1248","2","1.3","39","84.66666666666667"
"1247","2","1.3","39","85.33333333333334"
"1249","2","1.3","39","85.33333333333334"
"1250","2","1.3","39","84"
"1252","2","1.3","39","83.33333333333334"
"1251","2","1.3","39","84"
"1253","2","1.3","39","86.66666666666667"
"1254","2","1.3","39","87.33333333333333"
"1255","2","1.3","39","80"
"1256","2","1.3","39","83.33333333333334"
"1257","2","1.3","39","84"
"1258","2","1.3","39","85.33333333333334"
"1260","2","1.3","39","84.66666666666667"
"1259","2","1.3","39","83.33333333333334"
